[{"key": "uicustomizer", "name": "UI Customizer", "url": "https://github.com/LazeMSS/OctoPrint-UICustomizer"}, {"key": "prusaslicerthumbnails", "name": "Slicer Thumbnails", "url": "https://github.com/jneilliii/OctoPrint-PrusaSlicerThumbnails"}, {"key": "PrintTimeGenius", "name": "PrintTimeGenius Plugin", "url": "https://github.com/eyal0/OctoPrint-PrintTimeGenius"}, {"key": "M117PopUp", "name": "M117PopUp", "url": "https://github.com/jneilliii/OctoPrint-M117PopUp"}, {"key": "bedlevelvisualizer", "name": "Bed Visualizer", "url": "https://github.com/jneilliii/OctoPrint-BedLevelVisualizer"}]