{
  "2023-7-24_8-33_PETG - Cyan - Extrudr_0.20mm_32min_xyzCalibration_cube.gcode": {
    "hash": "839a58456cb23f3024a7f0f9497f221f6bdade75",
    "analysis": {
      "analysisPending": false,
      "estimatedPrintTime": 1888.8246122741687,
      "printingArea": {
        "maxX": 210.427001953125,
        "maxY": 198.13099670410156,
        "maxZ": 20.0,
        "minX": 151.86900329589844,
        "minY": 139.48899841308594,
        "minZ": 0
      },
      "dimensions": {
        "width": 58.55799865722656,
        "depth": 58.641998291015625,
        "height": 20.0
      },
      "filament": {
        "tool0": {
          "length": 1530.2105534821749,
          "volume": 3.680587709843647
        }
      },
      "firstFilament": 0.0064061727534847,
      "lastFilament": 0.9910199111447332,
      "progress": [
        [
          0,
          1888.8246122741687
        ],
        [
          0.0064061727534847,
          1768.518279021769
        ],
        [
          0.01220100932681684,
          1708.3762640612188
        ],
        [
          0.01648616903735704,
          1648.290940380963
        ],
        [
          0.0242668113302078,
          1587.9600091559628
        ],
        [
          0.04389095156093951,
          1527.694641928329
        ],
        [
          0.06654854689454492,
          1467.3556516197946
        ],
        [
          0.099901622156084,
          1407.3433212184436
        ],
        [
          0.13770326720616877,
          1347.0853363968483
        ],
        [
          0.17667366758574468,
          1287.0778891831965
        ],
        [
          0.222101669271274,
          1227.060139599172
        ],
        [
          0.2708186098364572,
          1166.9732262511488
        ],
        [
          0.3178077169372472,
          1106.6459332911857
        ],
        [
          0.3658494503780828,
          1046.4350914684414
        ],
        [
          0.4120289725238811,
          986.399288340729
        ],
        [
          0.45496434840024025,
          926.3928227958878
        ],
        [
          0.4978698625364562,
          866.3870724944468
        ],
        [
          0.5389587874806313,
          806.3823408419253
        ],
        [
          0.577896008148937,
          746.3303439715876
        ],
        [
          0.6190471450517437,
          686.2795621933592
        ],
        [
          0.6631263914741414,
          626.0548467406893
        ],
        [
          0.7082159601047152,
          566.028202532611
        ],
        [
          0.752563962188401,
          505.99521294425335
        ],
        [
          0.7972860655166579,
          445.9001715562856
        ],
        [
          0.8355016274648378,
          385.4959494600653
        ],
        [
          0.8587216189044723,
          325.27717965061674
        ],
        [
          0.8831410569065228,
          265.0665302372395
        ],
        [
          0.9071266701837161,
          205.06195479293433
        ],
        [
          0.9325240801754543,
          144.8621455372429
        ],
        [
          0.9576817667532657,
          84.69016982098333
        ],
        [
          0.9844287615009174,
          24.467795080203814
        ],
        [
          0.9910199111447332,
          1.2512541539999802
        ],
        [
          1,
          0
        ]
      ],
      "analysisPrintTime": 1769.6638361385506,
      "analysisFirstFilamentPrintTime": 2.0822318261796227,
      "analysisLastFilamentPrintTime": 1769.3492566939487,
      "compensatedPrintTime": 1888.8246122741687
    },
    "thumbnail": "plugin/prusaslicerthumbnails/thumbnail/Robin/2023-7-24_8-33_PETG%20-%20Cyan%20-%20Extrudr_0.20mm_32min_xyzCalibration_cube.png?20230724083346",
    "thumbnail_src": "prusaslicerthumbnails",
    "history": [
      {
        "timestamp": 1690182378.4016342,
        "success": false,
        "printerProfile": "_default"
      },
      {
        "timestamp": 1690183627.06564,
        "success": false,
        "printerProfile": "_default"
      },
      {
        "timestamp": 1690185798.4472082,
        "printTime": 2108.028922362,
        "success": true,
        "printerProfile": "_default"
      },
      {
        "timestamp": 1690187411.2359393,
        "success": false,
        "printerProfile": "_default"
      },
      {
        "timestamp": 1690190331.4133546,
        "printTime": 2100.602860057,
        "success": true,
        "printerProfile": "_default"
      }
    ],
    "statistics": {
      "averagePrintTime": {
        "_default": 2104.3158912094996
      },
      "lastPrintTime": {
        "_default": 2100.602860057
      }
    }
  },
  "2023-7-24_11-53_PETG - Cyan - Extrudr_0.20mm_48min_snorlax_lowpoly_flowalistik.gcode": {
    "hash": "f2f07299b65148f4c5c20cf95af594b6d3e039cd",
    "analysis": {
      "analysisPending": false,
      "estimatedPrintTime": 2809.389413982743,
      "printingArea": {
        "maxX": 212.64700317382812,
        "maxY": 200.40899658203125,
        "maxZ": 35.599998474121094,
        "minX": 137.34300231933594,
        "minY": 147.0590057373047,
        "minZ": 0
      },
      "dimensions": {
        "width": 75.30400085449219,
        "depth": 53.34999084472656,
        "height": 35.599998474121094
      },
      "filament": {
        "tool0": {
          "length": 2528.270540356636,
          "volume": 6.081203306839426
        }
      },
      "firstFilament": 0.00810682977712289,
      "lastFilament": 0.9959124003598552,
      "progress": [
        [
          0,
          2809.389413982743
        ],
        [
          0.00810682977712289,
          2687.094337938943
        ],
        [
          0.0111681396620828,
          2625.975357724677
        ],
        [
          0.0140811288215937,
          2565.7911094658893
        ],
        [
          0.01759337854437965,
          2505.519480194023
        ],
        [
          0.03066801861443785,
          2445.3307436509513
        ],
        [
          0.045636082957986,
          2385.2727535675153
        ],
        [
          0.06334639950504962,
          2324.885793455367
        ],
        [
          0.08801919725983998,
          2264.7995672583115
        ],
        [
          0.11339063419999462,
          2204.790631727876
        ],
        [
          0.13910167703292795,
          2144.7624348575578
        ],
        [
          0.16533090839532666,
          2084.7512166925653
        ],
        [
          0.1889101677032928,
          2024.63017494044
        ],
        [
          0.21277075070461685,
          1964.5901703337968
        ],
        [
          0.238407072769062,
          1904.4347667437505
        ],
        [
          0.26505623485036417,
          1844.3022192150602
        ],
        [
          0.2842236063829469,
          1784.234896884821
        ],
        [
          0.3108234527570469,
          1724.2291990431308
        ],
        [
          0.3340575021145977,
          1664.2122700644434
        ],
        [
          0.35708420133959395,
          1604.081776430958
        ],
        [
          0.37965883991523675,
          1543.9788591794843
        ],
        [
          0.4027621279279333,
          1483.759653382998
        ],
        [
          0.42635633138959705,
          1423.719993172647
        ],
        [
          0.4482667023333802,
          1363.6766087387102
        ],
        [
          0.46978703086565504,
          1303.6589460586981
        ],
        [
          0.49153338972260663,
          1243.5584991855446
        ],
        [
          0.5136716590102786,
          1183.5181260002894
        ],
        [
          0.536608693313089,
          1123.4385579950024
        ],
        [
          0.5622528610582254,
          1063.4211669493873
        ],
        [
          0.5882881920263974,
          1003.3419324808848
        ],
        [
          0.6138598806261003,
          943.2070299048286
        ],
        [
          0.6402400479408451,
          883.1934321641244
        ],
        [
          0.667569542619232,
          823.134243902702
        ],
        [
          0.69438645282579,
          763.1228235701459
        ],
        [
          0.720629507530359,
          703.0979329378882
        ],
        [
          0.7482593796980683,
          643.027029303803
        ],
        [
          0.7758100478511801,
          583.0222552599133
        ],
        [
          0.8016473687828585,
          523.0075026448784
        ],
        [
          0.8284411155511853,
          462.99481169637727
        ],
        [
          0.8478124747817406,
          402.9745114387191
        ],
        [
          0.8693470002600283,
          342.95834910177234
        ],
        [
          0.8882670460489152,
          282.9464084299228
        ],
        [
          0.9077004235173158,
          222.93230666287937
        ],
        [
          0.9295263599927073,
          162.92016936442897
        ],
        [
          0.9628062430696487,
          102.90116019478083
        ],
        [
          0.9866948463591558,
          42.86055723726977
        ],
        [
          0.9959124003598552,
          1.2436751924000418
        ],
        [
          1,
          0
        ]
      ],
      "analysisPrintTime": 2689.102394762123,
      "analysisFirstFilamentPrintTime": 2.9579743775852876,
      "analysisLastFilamentPrintTime": 2688.8086371241284,
      "compensatedPrintTime": 2809.389413982743
    },
    "thumbnail": "plugin/prusaslicerthumbnails/thumbnail/Robin/2023-7-24_11-53_PETG%20-%20Cyan%20-%20Extrudr_0.20mm_48min_snorlax_lowpoly_flowalistik.png?20230724115349",
    "thumbnail_src": "prusaslicerthumbnails",
    "history": [
      {
        "timestamp": 1690195838.757977,
        "printTime": 3407.970626409001,
        "success": true,
        "printerProfile": "_default"
      }
    ],
    "statistics": {
      "averagePrintTime": {
        "_default": 3407.970626409001
      },
      "lastPrintTime": {
        "_default": 3407.970626409001
      }
    }
  },
  "2023-7-24_13-31_PETG - Cyan - Extrudr_0.20mm_24min_Thyssenkrupp Schlusselanhanger v5 3mm.gcode": {
    "hash": "20c45f8030ce7088085b9ba9b6bd03a4c94832d4",
    "analysis": {
      "analysisPending": false,
      "estimatedPrintTime": 1570.526929187954,
      "printingArea": {
        "maxX": 208.10800170898438,
        "maxY": 210.93800354003906,
        "maxZ": 2.0,
        "minX": 141.88900756835938,
        "minY": 139.06300354003906,
        "minZ": 0
      },
      "dimensions": {
        "width": 66.218994140625,
        "depth": 71.875,
        "height": 2.0
      },
      "filament": {
        "tool0": {
          "length": 662.9167426917702,
          "volume": 1.5945016260988263
        }
      },
      "firstFilament": 0.01201937632455344,
      "lastFilament": 0.9908282513732105,
      "progress": [
        [
          0,
          1570.526929187954
        ],
        [
          0.01201937632455344,
          1384.9735867053541
        ],
        [
          0.02003979066649366,
          1324.9199734021843
        ],
        [
          0.05125989360321785,
          1264.9126118301435
        ],
        [
          0.08921499935123914,
          1204.8555205335877
        ],
        [
          0.11768695125643354,
          1144.838866623618
        ],
        [
          0.1928056744950478,
          1084.833590908013
        ],
        [
          0.26824012802214436,
          1024.8317655300618
        ],
        [
          0.3410795380822629,
          964.7839179429656
        ],
        [
          0.41750962328619007,
          904.7191295374412
        ],
        [
          0.49048916569352535,
          844.7185811331274
        ],
        [
          0.5638605596643744,
          784.6898010474225
        ],
        [
          0.6369542839842567,
          724.5426187882758
        ],
        [
          0.7123748972795294,
          664.5249264531309
        ],
        [
          0.7881614117036461,
          604.4974789564375
        ],
        [
          0.8516396349638856,
          544.4847493102792
        ],
        [
          0.88308291163877,
          484.29349870427336
        ],
        [
          0.8912797889364646,
          423.1360711435674
        ],
        [
          0.8992578175684443,
          362.9749396373551
        ],
        [
          0.9110644003287055,
          302.751787942247
        ],
        [
          0.9393166385536957,
          242.72050623363802
        ],
        [
          0.9562960079581333,
          182.55210923502872
        ],
        [
          0.977276069374162,
          122.46774249468339
        ],
        [
          0.9876285627784266,
          62.26344646933544
        ],
        [
          0.9906206478958522,
          2.0240664236799604
        ],
        [
          0.9908282513732105,
          0.7472297942000296
        ],
        [
          1,
          0
        ]
      ],
      "analysisPrintTime": 1386.4636273428434,
      "analysisFirstFilamentPrintTime": 2.09179196794139,
      "analysisLastFilamentPrintTime": 1386.3181488790956,
      "compensatedPrintTime": 1570.526929187954
    },
    "thumbnail": "plugin/prusaslicerthumbnails/thumbnail/Robin/2023-7-24_13-31_PETG%20-%20Cyan%20-%20Extrudr_0.20mm_24min_Thyssenkrupp%20Schlusselanhanger%20v5%203mm.png?20230724133212",
    "thumbnail_src": "prusaslicerthumbnails",
    "history": [
      {
        "timestamp": 1690200268.0574234,
        "printTime": 1934.337480397,
        "success": true,
        "printerProfile": "_default"
      }
    ],
    "statistics": {
      "averagePrintTime": {
        "_default": 1934.337480397
      },
      "lastPrintTime": {
        "_default": 1934.337480397
      }
    }
  },
  "2023-7-24_14-33_PETG - Cyan - Extrudr_0.20mm_52min_YATT-PETG.gcode": {
    "hash": "b33c22ec4f7bc836433edd4f5ff2e25d1b959082",
    "analysis": {
      "analysisPending": false,
      "estimatedPrintTime": 3166.7119285273384,
      "printingArea": {
        "maxX": 208.13099670410156,
        "maxY": 195.13099670410156,
        "maxZ": 58.0,
        "minX": 141.86900329589844,
        "minY": 154.468994140625,
        "minZ": 0
      },
      "dimensions": {
        "width": 66.26199340820312,
        "depth": 40.66200256347656,
        "height": 58.0
      },
      "filament": {
        "tool0": {
          "length": 2153.674667969346,
          "volume": 5.180194644384872
        }
      },
      "firstFilament": 0.00774612088789911,
      "lastFilament": 0.9946957844404737,
      "progress": [
        [
          0,
          3166.7119285273384
        ],
        [
          0.00774612088789911,
          2915.1133655601384
        ],
        [
          0.01005612479554045,
          2854.516856632437
        ],
        [
          0.01472059376387867,
          2794.379806564495
        ],
        [
          0.03095039666758718,
          2734.2777127622894
        ],
        [
          0.04890084619454521,
          2674.143956598993
        ],
        [
          0.0660183901209294,
          2613.869870229069
        ],
        [
          0.07713763048730905,
          2553.6392990660734
        ],
        [
          0.0936653231164897,
          2493.637372839599
        ],
        [
          0.10499254287660696,
          2433.3030901780207
        ],
        [
          0.12455051009292875,
          2373.2164404509567
        ],
        [
          0.1535357237954609,
          2313.1286600710523
        ],
        [
          0.18092922821860463,
          2253.0894845918087
        ],
        [
          0.1992304268418897,
          2192.9325647184505
        ],
        [
          0.2131734444401081,
          2132.8974274947213
        ],
        [
          0.23867438578152086,
          2072.850358391442
        ],
        [
          0.27150944132585136,
          2012.7744746377834
        ],
        [
          0.295483389066212,
          1952.319698726641
        ],
        [
          0.31006318917874814,
          1891.838837789035
        ],
        [
          0.3287432956286288,
          1831.8197620621004
        ],
        [
          0.35652509412179095,
          1771.8134533817165
        ],
        [
          0.3845711894692277,
          1711.664877677745
        ],
        [
          0.4020977760037229,
          1651.2724211669893
        ],
        [
          0.41735289162989153,
          1591.1161132604846
        ],
        [
          0.44558769987140845,
          1531.0292725543334
        ],
        [
          0.47968989827782194,
          1470.9997366611312
        ],
        [
          0.5046978148331299,
          1410.8096953653849
        ],
        [
          0.5199983796379776,
          1350.7368148899302
        ],
        [
          0.5393182326790463,
          1290.5488080259584
        ],
        [
          0.5646546677541535,
          1230.2694237688995
        ],
        [
          0.5883065191412674,
          1170.1970952581325
        ],
        [
          0.6062856214113057,
          1110.11212268796
        ],
        [
          0.6208762898056999,
          1049.9303882469922
        ],
        [
          0.6476275775735968,
          989.8111877135501
        ],
        [
          0.6753866514774194,
          929.8026168278224
        ],
        [
          0.6961900249921081,
          869.7907533880554
        ],
        [
          0.7103573244068512,
          809.5370280405135
        ],
        [
          0.7315811028243207,
          749.5238033338004
        ],
        [
          0.7565855612899465,
          689.4390335632328
        ],
        [
          0.7806884463741682,
          629.3985852319441
        ],
        [
          0.7972699863998273,
          569.3576915225016
        ],
        [
          0.8127251772147459,
          509.30335797728264
        ],
        [
          0.8379840522784118,
          449.27620646535877
        ],
        [
          0.8646128248690002,
          389.1323155545423
        ],
        [
          0.8844874542976398,
          328.91766817138193
        ],
        [
          0.8988508767986388,
          268.91713339666455
        ],
        [
          0.9201828440218769,
          208.83017896551647
        ],
        [
          0.9456269738899409,
          148.73666154331968
        ],
        [
          0.9687798723372092,
          88.55037745147175
        ],
        [
          0.9861760394894081,
          28.514139804880777
        ],
        [
          0.9946957844404737,
          0.679204545599896
        ],
        [
          1,
          0
        ]
      ],
      "analysisPrintTime": 2917.029636163674,
      "analysisFirstFilamentPrintTime": 2.321058968419038,
      "analysisLastFilamentPrintTime": 2916.7552199829574,
      "compensatedPrintTime": 3166.7119285273384
    },
    "thumbnail": "plugin/prusaslicerthumbnails/thumbnail/Robin/2023-7-24_14-33_PETG%20-%20Cyan%20-%20Extrudr_0.20mm_52min_YATT-PETG.png?20230724143346",
    "thumbnail_src": "prusaslicerthumbnails",
    "history": [
      {
        "timestamp": 1690263482.431218,
        "success": false,
        "printerProfile": "_default"
      },
      {
        "timestamp": 1690266836.0688074,
        "printTime": 3289.5457982410007,
        "success": true,
        "printerProfile": "_default"
      }
    ],
    "statistics": {
      "averagePrintTime": {
        "_default": 3289.5457982410007
      },
      "lastPrintTime": {
        "_default": 3289.5457982410007
      }
    }
  },
  "2023-7-25_8-39_PETG - Cyan - Extrudr_0.32mm_1h3min_5xThyssenkrupp Schlusselanhanger v6 3mm.gcode": {
    "hash": "9d3f1a00dab52e9bed3a7f2eb58dce82c0a540ea",
    "analysis": {
      "analysisPending": false,
      "estimatedPrintTime": 3861.6035353148936,
      "printingArea": {
        "maxX": 268.0169982910156,
        "maxY": 276.53399658203125,
        "maxZ": 2.559999942779541,
        "minX": 81.98300170898438,
        "minY": 73.46700286865234,
        "minZ": 0
      },
      "dimensions": {
        "width": 186.03399658203125,
        "depth": 203.0669937133789,
        "height": 2.559999942779541
      },
      "filament": {
        "tool0": {
          "length": 3813.84052079916,
          "volume": 9.173361480362185
        }
      },
      "firstFilament": 0.0054830332447471,
      "lastFilament": 0.9971152617409254,
      "progress": [
        [
          0,
          3861.6035353148936
        ],
        [
          0.0054830332447471,
          3604.2508272438913
        ],
        [
          0.00617098443351375,
          3544.097078052834
        ],
        [
          0.00686651635163321,
          3484.063438311038
        ],
        [
          0.00761294745255005,
          3423.950071466289
        ],
        [
          0.01607547807328183,
          3363.9254970023194
        ],
        [
          0.02625910499743338,
          3303.9006593131544
        ],
        [
          0.03225275451215841,
          3243.6875050580034
        ],
        [
          0.04997947788268063,
          3183.679200267579
        ],
        [
          0.07278799732291957,
          3123.6777848467013
        ],
        [
          0.09542351368971425,
          3063.659975719037
        ],
        [
          0.11813023476435844,
          3003.6444600502755
        ],
        [
          0.14243215788709912,
          2943.5609983136605
        ],
        [
          0.16355342356567185,
          2883.5435728659686
        ],
        [
          0.18390714039727354,
          2823.527795680732
        ],
        [
          0.2037115250911312,
          2763.4058120541818
        ],
        [
          0.21103884149128108,
          2703.378879126735
        ],
        [
          0.22050284060758463,
          2643.3751369678585
        ],
        [
          0.22908206031228273,
          2583.2060901761365
        ],
        [
          0.2388606596967275,
          2523.2012349517395
        ],
        [
          0.2609947649649012,
          2463.1786174247754
        ],
        [
          0.2847278626458478,
          2403.1667397865895
        ],
        [
          0.30826467358462367,
          2343.1265636768394
        ],
        [
          0.3320600415423969,
          2283.1165570659496
        ],
        [
          0.3530486444572956,
          2223.0550577373306
        ],
        [
          0.3737342889384163,
          2163.0344203313152
        ],
        [
          0.39591848116838535,
          2103.025961338266
        ],
        [
          0.4059031139470259,
          2043.0069997789565
        ],
        [
          0.41484756236232856,
          1982.9788384845822
        ],
        [
          0.42475259748276467,
          1922.970751608828
        ],
        [
          0.4297063333744859,
          1862.9347801812935
        ],
        [
          0.4507972761356474,
          1802.9298252571825
        ],
        [
          0.47412697071889137,
          1742.9266408199246
        ],
        [
          0.496941717186813,
          1682.9236988883697
        ],
        [
          0.519485181840038,
          1622.9200818782167
        ],
        [
          0.542806212732593,
          1562.8653666219918
        ],
        [
          0.5643243837408517,
          1502.847339844054
        ],
        [
          0.5851638087317007,
          1442.8365386938074
        ],
        [
          0.6022112446041451,
          1382.768211831192
        ],
        [
          0.6098972919468829,
          1322.7108074962605
        ],
        [
          0.6194874560588438,
          1262.7007024063812
        ],
        [
          0.6268242483706846,
          1202.682192556528
        ],
        [
          0.6397580556078987,
          1142.6135297507792
        ],
        [
          0.6621225609003307,
          1082.606149186037
        ],
        [
          0.684414237042909,
          1022.5608164546404
        ],
        [
          0.7078982536165493,
          962.5416507860953
        ],
        [
          0.7321154350147391,
          902.5213466949347
        ],
        [
          0.752025949919536,
          842.5210382286339
        ],
        [
          0.7728014801915541,
          782.5173019812999
        ],
        [
          0.7949564324654481,
          722.5168854567257
        ],
        [
          0.8025133366688543,
          662.4971583019562
        ],
        [
          0.8120393353216504,
          602.3853719709207
        ],
        [
          0.8216297701739452,
          542.3737127309771
        ],
        [
          0.8260709946133503,
          482.36306675687655
        ],
        [
          0.84928345863196,
          422.36082678448764
        ],
        [
          0.8729315438480215,
          362.3557099168831
        ],
        [
          0.8959090052566944,
          302.29327617944745
        ],
        [
          0.9188994622014005,
          242.29320557156706
        ],
        [
          0.940870581788489,
          182.28769081380614
        ],
        [
          0.9615375451865618,
          122.28105023194867
        ],
        [
          0.9827917443691425,
          62.26525789789294
        ],
        [
          0.9970042582039736,
          2.1767084995846746
        ],
        [
          0.9971152617409254,
          0.7694718023978566
        ],
        [
          1,
          0
        ]
      ],
      "analysisPrintTime": 3605.153694578083,
      "analysisFirstFilamentPrintTime": 1.4853280185070616,
      "analysisLastFilamentPrintTime": 3604.9666834600007,
      "compensatedPrintTime": 3861.6035353148936
    },
    "thumbnail": "plugin/prusaslicerthumbnails/thumbnail/Robin/2023-7-25_8-39_PETG%20-%20Cyan%20-%20Extrudr_0.32mm_1h3min_5xThyssenkrupp%20Schlusselanhanger%20v6%203mm.png?20230725091423",
    "thumbnail_src": "prusaslicerthumbnails",
    "history": [
      {
        "timestamp": 1690271516.968681,
        "success": false,
        "printerProfile": "_default"
      }
    ],
    "statistics": {
      "averagePrintTime": {},
      "lastPrintTime": {}
    }
  },
  "2023-7-25_10-38_PETG - Cyan - Extrudr_0.32mm_22min_Retraction_tower.gcode": {
    "hash": "b2b5af4b2ea1a9cf9e82cfa5b7ea1119427804ce",
    "analysis": {
      "analysisPending": false,
      "estimatedPrintTime": 1574.173344309742,
      "printingArea": {
        "maxX": 208.2899932861328,
        "maxY": 193.3040008544922,
        "maxZ": 50.880001068115234,
        "minX": 141.6959991455078,
        "minY": 156.7100067138672,
        "minZ": 0
      },
      "dimensions": {
        "width": 66.593994140625,
        "depth": 36.593994140625,
        "height": 50.880001068115234
      },
      "filament": {
        "tool0": {
          "length": 739.2724487781525,
          "volume": 1.7781586220321288
        }
      },
      "firstFilament": 0.0110841521314632,
      "lastFilament": 0.9914446432938784,
      "progress": [
        [
          0,
          1574.173344309742
        ],
        [
          0.0110841521314632,
          1302.4216858947418
        ],
        [
          0.01759286937145031,
          1241.070504533243
        ],
        [
          0.02210075584352059,
          1181.0070579713317
        ],
        [
          0.03566634186487987,
          1120.9712333148032
        ],
        [
          0.07981117499310929,
          1060.9623195862998
        ],
        [
          0.13208821668290677,
          1000.9401138872653
        ],
        [
          0.18407099571805136,
          940.9357845530727
        ],
        [
          0.23341938639636947,
          880.8215109952689
        ],
        [
          0.28672130065646195,
          820.8119520110619
        ],
        [
          0.3361636379870571,
          760.7894728919626
        ],
        [
          0.3905719487718999,
          700.7711058324297
        ],
        [
          0.4397425395876441,
          640.761373369493
        ],
        [
          0.49467803861129767,
          580.74978913778
        ],
        [
          0.5440217707779327,
          520.7317418310392
        ],
        [
          0.5985776010994087,
          460.715324615148
        ],
        [
          0.6475082785634703,
          400.71212375904565
        ],
        [
          0.700365304957821,
          340.51768762763425
        ],
        [
          0.7506485036472265,
          280.434811567235
        ],
        [
          0.802071484861778,
          220.3871928553257
        ],
        [
          0.8557585027543451,
          160.02027821184234
        ],
        [
          0.9050967999906829,
          99.99681155895829
        ],
        [
          0.9586704607656263,
          39.98247404804592
        ],
        [
          0.9914446432938784,
          0.7090176453997629
        ],
        [
          1,
          0
        ]
      ],
      "analysisPrintTime": 1304.4862041061795,
      "analysisFirstFilamentPrintTime": 2.323024497586175,
      "analysisLastFilamentPrintTime": 1304.0356927469281,
      "compensatedPrintTime": 1574.173344309742
    },
    "thumbnail": "plugin/prusaslicerthumbnails/thumbnail/Robin/2023-7-25_10-38_PETG%20-%20Cyan%20-%20Extrudr_0.32mm_22min_Retraction_tower.png?20230725103830",
    "thumbnail_src": "prusaslicerthumbnails",
    "history": [
      {
        "timestamp": 1690276031.7331357,
        "printTime": 1716.1147108920122,
        "success": true,
        "printerProfile": "_default"
      }
    ],
    "statistics": {
      "averagePrintTime": {
        "_default": 1716.1147108920122
      },
      "lastPrintTime": {
        "_default": 1716.1147108920122
      }
    }
  },
  "2023-7-25_13-1_PETG - Cyan - Extrudr_0.32mm_21min_Retraction_tower.gcode": {
    "hash": "e2d6dce1e532e3fc255ccb2c0401d2798f23ab17",
    "analysis": {
      "analysisPending": false,
      "estimatedPrintTime": 1499.1236921814877,
      "printingArea": {
        "maxX": 208.2899932861328,
        "maxY": 193.3040008544922,
        "maxZ": 50.880001068115234,
        "minX": 141.6959991455078,
        "minY": 156.7100067138672,
        "minZ": 0
      },
      "dimensions": {
        "width": 66.593994140625,
        "depth": 36.593994140625,
        "height": 50.880001068115234
      },
      "filament": {
        "tool0": {
          "length": 742.2724541425705,
          "volume": 1.7853744805612803
        }
      },
      "firstFilament": 0.01171912196883876,
      "lastFilament": 0.9909331954226798,
      "progress": [
        [
          0,
          1499.1236921814877
        ],
        [
          0.01171912196883876,
          1248.1781326346857
        ],
        [
          0.01845211709271208,
          1187.1344378076615
        ],
        [
          0.02328309445237978,
          1126.6733960986846
        ],
        [
          0.03741565285918337,
          1066.3395679114244
        ],
        [
          0.08606856129636015,
          1006.338494277185
        ],
        [
          0.13897699847313205,
          946.3206282388901
        ],
        [
          0.19461738002594034,
          886.3093802504011
        ],
        [
          0.24616805398217012,
          826.2969309734624
        ],
        [
          0.30302172092794166,
          766.2904519957328
        ],
        [
          0.35483508184340573,
          706.275991646355
        ],
        [
          0.41169942044689617,
          646.0241402923316
        ],
        [
          0.46473263392930436,
          586.022818049513
        ],
        [
          0.5171345778128027,
          525.9929953254765
        ],
        [
          0.573246974995485,
          465.99225790526674
        ],
        [
          0.6246137680802508,
          405.9859402219077
        ],
        [
          0.6815257186951025,
          345.9606336559843
        ],
        [
          0.7331757211577927,
          285.93657139545206
        ],
        [
          0.7895302828810192,
          225.93332091070766
        ],
        [
          0.8427383473706677,
          165.8761300751085
        ],
        [
          0.8966556666502488,
          105.87476554959407
        ],
        [
          0.9508430609597924,
          45.861849943855574
        ],
        [
          0.9909331954226798,
          0.6477610150021065
        ],
        [
          1,
          0
        ]
      ],
      "analysisPrintTime": 1249.9200016530153,
      "analysisFirstFilamentPrintTime": 2.082932938373233,
      "analysisLastFilamentPrintTime": 1249.6133045580568,
      "compensatedPrintTime": 1499.1236921814877
    },
    "thumbnail": "plugin/prusaslicerthumbnails/thumbnail/Robin/2023-7-25_13-1_PETG%20-%20Cyan%20-%20Extrudr_0.32mm_21min_Retraction_tower.png?20230725130155",
    "thumbnail_src": "prusaslicerthumbnails",
    "history": [
      {
        "timestamp": 1690284674.241485,
        "printTime": 1756.7217758940096,
        "success": true,
        "printerProfile": "_default"
      }
    ],
    "statistics": {
      "averagePrintTime": {
        "_default": 1756.7217758940096
      },
      "lastPrintTime": {
        "_default": 1756.7217758940096
      }
    }
  },
  "2023-8-3_9-17_PLA - Grau - Vertex_0.32mm_1h2min_Desinfektionspenderhalter v7.gcode": {
    "hash": "8847ca5b91cdb35dabe73a88ea39d8490b8e510c",
    "analysis": {
      "analysisPending": false,
      "estimatedPrintTime": 3771.0878058892936,
      "printingArea": {
        "maxX": 226.0540008544922,
        "maxY": 198.0540008544922,
        "maxZ": 28.479999542236328,
        "minX": 123.94599914550781,
        "minY": 151.9459991455078,
        "minZ": 0
      },
      "dimensions": {
        "width": 102.10800170898438,
        "depth": 46.108001708984375,
        "height": 28.479999542236328
      },
      "filament": {
        "tool0": {
          "length": 4406.454570353031,
          "volume": 10.598765312864286
        }
      },
      "firstFilament": 0.00371390074982427,
      "lastFilament": 0.9959867240787563,
      "progress": [
        [
          0,
          3771.0878058892936
        ],
        [
          0.00371390074982427,
          3504.3767078002934
        ],
        [
          0.00454121035995462,
          3441.3894024458014
        ],
        [
          0.00743229774752969,
          3381.224751551694
        ],
        [
          0.00901497700169209,
          3321.045818244475
        ],
        [
          0.01000714903413102,
          3261.0024654978556
        ],
        [
          0.0110798788411071,
          3200.336519472963
        ],
        [
          0.01644577599992806,
          3139.9917740640485
        ],
        [
          0.02037624602269406,
          3079.8359693433677
        ],
        [
          0.02664626369294823,
          3019.755102944061
        ],
        [
          0.03290691418011669,
          2959.633383176042
        ],
        [
          0.03698650975760728,
          2899.407290070695
        ],
        [
          0.0433449536361906,
          2839.095831430807
        ],
        [
          0.04923691179710531,
          2779.0107704164
        ],
        [
          0.05349373447857763,
          2718.9041212287666
        ],
        [
          0.07110816024027948,
          2658.8913051722066
        ],
        [
          0.0924559704926239,
          2598.7787084704464
        ],
        [
          0.11611485215587593,
          2538.7742726004317
        ],
        [
          0.14046165974494285,
          2478.761533830429
        ],
        [
          0.16302495567448963,
          2418.648944327987
        ],
        [
          0.1802332203775949,
          2358.0765333027866
        ],
        [
          0.20694692778876028,
          2298.063480258405
        ],
        [
          0.23052150480424086,
          2238.015629371395
        ],
        [
          0.2556311757838084,
          2177.9998309894127
        ],
        [
          0.27319052250896625,
          2117.944501855489
        ],
        [
          0.2939459521029701,
          2057.9195796622303
        ],
        [
          0.3139388929937967,
          1997.8419340454423
        ],
        [
          0.33880501721313566,
          1937.8229075604233
        ],
        [
          0.36042260233834866,
          1877.8064222840862
        ],
        [
          0.3783843632488688,
          1817.6557806176938
        ],
        [
          0.3980768049063057,
          1757.6536949555896
        ],
        [
          0.3995470779634395,
          1697.418199660623
        ],
        [
          0.40443337534827184,
          1637.3058334370398
        ],
        [
          0.41230967757406445,
          1577.2893978859292
        ],
        [
          0.42236516127291773,
          1517.2474509610709
        ],
        [
          0.4274901344827741,
          1457.239837175801
        ],
        [
          0.4371390824357074,
          1397.0668531470913
        ],
        [
          0.4464620524172578,
          1337.0229805554593
        ],
        [
          0.45211720818976564,
          1276.9917293655055
        ],
        [
          0.46007107069150793,
          1216.895188293822
        ],
        [
          0.4628321415778533,
          1156.8916764930566
        ],
        [
          0.48244589889737016,
          1096.877810810103
        ],
        [
          0.5098501550456145,
          1036.8336694366
        ],
        [
          0.5373495817740096,
          976.8199244425252
        ],
        [
          0.5655923881520871,
          916.8118087067162
        ],
        [
          0.5936841955388229,
          856.7201174244772
        ],
        [
          0.622164553679954,
          796.664405801456
        ],
        [
          0.6499472440248613,
          736.1655854964949
        ],
        [
          0.6786194420755879,
          676.0817403569661
        ],
        [
          0.7062039228264013,
          616.0704608657418
        ],
        [
          0.7348903589954183,
          556.0704472864084
        ],
        [
          0.7625445315883895,
          496.06612719531466
        ],
        [
          0.7909593194479208,
          436.0645601544217
        ],
        [
          0.8188090788237216,
          376.0502867490356
        ],
        [
          0.847456547511102,
          315.98869910193906
        ],
        [
          0.8751725435124389,
          255.98466955140537
        ],
        [
          0.9036071898001118,
          195.98210641993154
        ],
        [
          0.9312905880043104,
          135.9634327981741
        ],
        [
          0.959343802596733,
          75.93262418910872
        ],
        [
          0.9875378996227648,
          15.653327971007638
        ],
        [
          0.9959867240787563,
          0.5716318464003052
        ],
        [
          1,
          0
        ]
      ],
      "analysisPrintTime": 3506.3860687810047,
      "analysisFirstFilamentPrintTime": 2.2938736906708073,
      "analysisLastFilamentPrintTime": 3506.098949644564,
      "compensatedPrintTime": 3771.0878058892936
    },
    "thumbnail": "plugin/prusaslicerthumbnails/thumbnail/Robin/2023-8-3_9-17_PLA%20-%20Grau%20-%20Vertex_0.32mm_1h2min_Desinfektionspenderhalter%20v7.png?20230803091726",
    "thumbnail_src": "prusaslicerthumbnails",
    "history": [
      {
        "timestamp": 1691051037.6043198,
        "printTime": 3989.197203336,
        "success": true,
        "printerProfile": "_default"
      }
    ],
    "statistics": {
      "averagePrintTime": {
        "_default": 3989.197203336
      },
      "lastPrintTime": {
        "_default": 3989.197203336
      }
    }
  },
  "2024-6-5_10-28_PETG - Schwarz - Extrudr_0,20mm_21m.gcode": {
    "hash": "9dd4765fc40b5aa23cfdde36912b09efe2369d45",
    "analysis": {
      "analysisPending": false,
      "estimatedPrintTime": 1422.457545922675,
      "printingArea": {
        "maxX": 208.13099670410156,
        "maxY": 208.13099670410156,
        "maxZ": 2.0,
        "minX": 141.86900329589844,
        "minY": 141.86900329589844,
        "minZ": 0
      },
      "dimensions": {
        "width": 66.26199340820312,
        "depth": 66.26199340820312,
        "height": 2.0
      },
      "filament": {
        "tool0": {
          "length": 1265.0270814299583,
          "volume": 3.0427467108595656
        }
      },
      "firstFilament": 0.12692276479745032,
      "lastFilament": 0.9166931027614038,
      "progress": [
        [
          0,
          1422.457545922675
        ],
        [
          0.12692276479745032,
          1224.402839512675
        ],
        [
          0.1471224003482187,
          1164.0402713451915
        ],
        [
          0.16639984654769194,
          1102.8547995435017
        ],
        [
          0.17866865367732226,
          1040.9788936673708
        ],
        [
          0.18724870340177208,
          978.2230501987816
        ],
        [
          0.19814529277667525,
          916.4973597941186
        ],
        [
          0.24046271772890584,
          856.4090148231434
        ],
        [
          0.2754321379300169,
          796.3274531883617
        ],
        [
          0.334599806709112,
          735.5014523359428
        ],
        [
          0.39553807904269367,
          675.3501236420708
        ],
        [
          0.43094277261761604,
          614.8262929699455
        ],
        [
          0.4905604698001431,
          553.9369643935557
        ],
        [
          0.5510487137302928,
          493.6654337348324
        ],
        [
          0.5864238972459738,
          433.39065838458475
        ],
        [
          0.6465653979800364,
          372.3602180018203
        ],
        [
          0.7063749105476329,
          312.3299188037811
        ],
        [
          0.7419492869631936,
          252.0195833272683
        ],
        [
          0.8021129202416873,
          191.84767332908123
        ],
        [
          0.8564778268792375,
          131.45382023468906
        ],
        [
          0.881443336997499,
          70.88748971585497
        ],
        [
          0.9035685039137716,
          10.435870528756505
        ],
        [
          0.9166931027614038,
          0.5090608867998526
        ],
        [
          1,
          0
        ]
      ],
      "analysisPrintTime": 1226.3613176122951,
      "analysisFirstFilamentPrintTime": 2.33998255191932,
      "analysisLastFilamentPrintTime": 1226.2337611777943,
      "compensatedPrintTime": 1422.457545922675
    },
    "thumbnail": "plugin/prusaslicerthumbnails/thumbnail/Robin/2024-6-5_10-28_PETG%20-%20Schwarz%20-%20Extrudr_0%2C20mm_21m.png?20240605102826",
    "thumbnail_src": "prusaslicerthumbnails",
    "history": [
      {
        "timestamp": 1717577559.521087,
        "printTime": 1448.3279512159997,
        "success": true,
        "printerProfile": "_default"
      },
      {
        "timestamp": 1717579892.4281588,
        "printTime": 1632.3002920490007,
        "success": true,
        "printerProfile": "_default"
      }
    ],
    "statistics": {
      "averagePrintTime": {
        "_default": 1540.3141216325002
      },
      "lastPrintTime": {
        "_default": 1632.3002920490007
      }
    }
  }
}